{"web":{"client_id":"221116015908-iu4t5o8qqtn4t8mq6naoa0v9519mtjg0.apps.googleusercontent.com","project_id":"python-codelab-150219","auth_uri":"https://accounts.google.com/o/oauth2/auth","token_uri":"https://accounts.google.com/o/oauth2/token","auth_provider_x509_cert_url":"https://www.googleapis.com/oauth2/v1/certs","client_secret":"a19ohc2Jp7V76qeevxawiHZB","redirect_uris":["http://localhost:5000","http://localhost:8080"],"javascript_origins":["http://localhost:5000","http://localhost:8080"]}}