{"statuses":[{"created_at":"Tue Feb 20 21:09:00 +0000 2018","id":966057120201256960,"id_str":"966057120201256960","text":"How Ireland can prove they have learned lessons from last year's Six Nations loss in Wales #SixNations\u2026 https:\/\/t.co\/qLM7OUhKIZ","truncated":true,"entities":{"hashtags":[{"text":"SixNations","indices":[91,102]}],"symbols":[],"user_mentions":[],"urls":[{"url":"https:\/\/t.co\/qLM7OUhKIZ","expanded_url":"https:\/\/twitter.com\/i\/web\/status\/966057120201256960","display_url":"twitter.com\/i\/web\/status\/9\u2026","indices":[104,127]}]},"metadata":{"iso_language_code":"en","result_type":"recent"},"source":"\u003ca href=\"https:\/\/about.twitter.com\/products\/tweetdeck\" rel=\"nofollow\"\u003eTweetDeck\u003c\/a\u003e","in_reply_to_status_id":null,"in_reply_to_status_id_str":null,"in_reply_to_user_id":null,"in_reply_to_user_id_str":null,"in_reply_to_screen_name":null,"user":{"id":40490141,"id_str":"40490141","name":"Belfast Telegraph Sport","screen_name":"BelTel_Sport","location":"Belfast","description":"Official Twitter for Belfast Telegraph sport news. We do not monitor 24\/7.","url":"https:\/\/t.co\/cXlnpfHgW4","entities":{"url":{"urls":[{"url":"https:\/\/t.co\/cXlnpfHgW4","expanded_url":"http:\/\/www.belfasttelegraph.co.uk\/sport\/","display_url":"belfasttelegraph.co.uk\/sport\/","indices":[0,23]}]},"description":{"urls":[]}},"protected":false,"followers_count":3812,"friends_count":2403,"listed_count":76,"created_at":"Sat May 16 16:14:26 +0000 2009","favourites_count":137,"utc_offset":0,"time_zone":"London","geo_enabled":false,"verified":false,"statuses_count":78330,"lang":"en","contributors_enabled":false,"is_translator":false,"is_translation_enabled":false,"profile_background_color":"000000","profile_background_image_url":"http:\/\/pbs.twimg.com\/profile_background_images\/378800000081238097\/fd767855f0023d5a83649100c104cf32.png","profile_background_image_url_https":"https:\/\/pbs.twimg.com\/profile_background_images\/378800000081238097\/fd767855f0023d5a83649100c104cf32.png","profile_background_tile":false,"profile_image_url":"http:\/\/pbs.twimg.com\/profile_images\/885050538789916673\/C2S4UImj_normal.jpg","profile_image_url_https":"https:\/\/pbs.twimg.com\/profile_images\/885050538789916673\/C2S4UImj_normal.jpg","profile_banner_url":"https:\/\/pbs.twimg.com\/profile_banners\/40490141\/1499847544","profile_link_color":"009999","profile_sidebar_border_color":"000000","profile_sidebar_fill_color":"DDFFCC","profile_text_color":"333333","profile_use_background_image":true,"has_extended_profile":false,"default_profile":false,"default_profile_image":false,"following":false,"follow_request_sent":false,"notifications":false,"translator_type":"none"},"geo":null,"coordinates":null,"place":null,"contributors":null,"is_quote_status":false,"retweet_count":0,"favorite_count":0,"favorited":false,"retweeted":false,"possibly_sensitive":false,"lang":"en"},{"created_at":"Tue Feb 20 21:08:53 +0000 2018","id":966057089373294594,"id_str":"966057089373294594","text":"RT @ExpresswayIRE: The Big Red Tour passes through Dublin. But do you know who is in Dublin this weekend? The Welsh. Follow and RT for a ch\u2026","truncated":false,"entities":{"hashtags":[],"symbols":[],"user_mentions":[{"screen_name":"ExpresswayIRE","name":"Expressway","id":707266578539278337,"id_str":"707266578539278337","indices":[3,17]}],"urls":[]},"metadata":{"iso_language_code":"en","result_type":"recent"},"source":"\u003ca href=\"http:\/\/twitter.com\/download\/android\" rel=\"nofollow\"\u003eTwitter for Android\u003c\/a\u003e","in_reply_to_status_id":null,"in_reply_to_status_id_str":null,"in_reply_to_user_id":null,"in_reply_to_user_id_str":null,"in_reply_to_screen_name":null,"user":{"id":936528954621644801,"id_str":"936528954621644801","name":"LiveLivesDreams","screen_name":"LiveLivesDreams","location":"UK","description":"Adventurer in Life&Love.\nMake the most of your time awake as you are a long time dead! \nLove travel,photography,sports,music,comedy,food,new technology adopter.","url":null,"entities":{"description":{"urls":[]}},"protected":false,"followers_count":7,"friends_count":384,"listed_count":0,"created_at":"Fri Dec 01 09:34:37 +0000 2017","favourites_count":164,"utc_offset":null,"time_zone":null,"geo_enabled":false,"verified":false,"statuses_count":845,"lang":"en","contributors_enabled":false,"is_translator":false,"is_translation_enabled":false,"profile_background_color":"F5F8FA","profile_background_image_url":null,"profile_background_image_url_https":null,"profile_background_tile":false,"profile_image_url":"http:\/\/pbs.twimg.com\/profile_images\/947226684276793344\/wNLjVCTv_normal.jpg","profile_image_url_https":"https:\/\/pbs.twimg.com\/profile_images\/947226684276793344\/wNLjVCTv_normal.jpg","profile_banner_url":"https:\/\/pbs.twimg.com\/profile_banners\/936528954621644801\/1514671490","profile_link_color":"1DA1F2","profile_sidebar_border_color":"C0DEED","profile_sidebar_fill_color":"DDEEF6","profile_text_color":"333333","profile_use_background_image":true,"has_extended_profile":true,"default_profile":true,"default_profile_image":false,"following":false,"follow_request_sent":false,"notifications":false,"translator_type":"none"},"geo":null,"coordinates":null,"place":null,"contributors":null,"retweeted_status":{"created_at":"Tue Feb 20 12:08:13 +0000 2018","id":965921026679943169,"id_str":"965921026679943169","text":"The Big Red Tour passes through Dublin. But do you know who is in Dublin this weekend? The Welsh. Follow and RT for\u2026 https:\/\/t.co\/bUqxY3SsEU","truncated":true,"entities":{"hashtags":[],"symbols":[],"user_mentions":[],"urls":[{"url":"https:\/\/t.co\/bUqxY3SsEU","expanded_url":"https:\/\/twitter.com\/i\/web\/status\/965921026679943169","display_url":"twitter.com\/i\/web\/status\/9\u2026","indices":[117,140]}]},"metadata":{"iso_language_code":"en","result_type":"recent"},"source":"\u003ca href=\"http:\/\/twitter.com\" rel=\"nofollow\"\u003eTwitter Web Client\u003c\/a\u003e","in_reply_to_status_id":null,"in_reply_to_status_id_str":null,"in_reply_to_user_id":null,"in_reply_to_user_id_str":null,"in_reply_to_screen_name":null,"user":{"id":707266578539278337,"id_str":"707266578539278337","name":"Expressway","screen_name":"ExpresswayIRE","location":"","description":"Expressway, Bus \u00c9ireann\u2019s premium coach service, provides direct and regular services on over 18 routes throughout Ireland.","url":"https:\/\/t.co\/FzlrbDztDd","entities":{"url":{"urls":[{"url":"https:\/\/t.co\/FzlrbDztDd","expanded_url":"https:\/\/expressway.ie\/","display_url":"expressway.ie","indices":[0,23]}]},"description":{"urls":[]}},"protected":false,"followers_count":2996,"friends_count":208,"listed_count":7,"created_at":"Tue Mar 08 18:07:47 +0000 2016","favourites_count":169,"utc_offset":0,"time_zone":"London","geo_enabled":true,"verified":false,"statuses_count":595,"lang":"en","contributors_enabled":false,"is_translator":false,"is_translation_enabled":false,"profile_background_color":"F5F8FA","profile_background_image_url":null,"profile_background_image_url_https":null,"profile_background_tile":false,"profile_image_url":"http:\/\/pbs.twimg.com\/profile_images\/948894917186719750\/8y3f3s0f_normal.jpg","profile_image_url_https":"https:\/\/pbs.twimg.com\/profile_images\/948894917186719750\/8y3f3s0f_normal.jpg","profile_banner_url":"https:\/\/pbs.twimg.com\/profile_banners\/707266578539278337\/1517484282","profile_link_color":"1DA1F2","profile_sidebar_border_color":"C0DEED","profile_sidebar_fill_color":"DDEEF6","profile_text_color":"333333","profile_use_background_image":true,"has_extended_profile":false,"default_profile":true,"default_profile_image":false,"following":false,"follow_request_sent":false,"notifications":false,"translator_type":"none"},"geo":null,"coordinates":null,"place":null,"contributors":null,"is_quote_status":false,"retweet_count":125,"favorite_count":41,"favorited":false,"retweeted":false,"possibly_sensitive":false,"lang":"en"},"is_quote_status":false,"retweet_count":125,"favorite_count":0,"favorited":false,"retweeted":false,"lang":"en"},{"created_at":"Tue Feb 20 21:03:18 +0000 2018","id":966055686961553408,"id_str":"966055686961553408","text":"RT @bjaycee: ISBN 0584110367 ,  Barry John's Rugby World: No. 3, (Hardcover) by Barry John (Editor) 1982,#rugby #BarryJohn #sixnations #RFU\u2026","truncated":false,"entities":{"hashtags":[{"text":"rugby","indices":[105,111]},{"text":"BarryJohn","indices":[112,122]},{"text":"sixnations","indices":[123,134]},{"text":"RFU","indices":[135,139]}],"symbols":[],"user_mentions":[{"screen_name":"bjaycee","name":"Zoomerman Collection","id":335232320,"id_str":"335232320","indices":[3,11]}],"urls":[]},"metadata":{"iso_language_code":"en","result_type":"recent"},"source":"\u003ca href=\"http:\/\/twitter.com\/download\/iphone\" rel=\"nofollow\"\u003eTwitter for iPhone\u003c\/a\u003e","in_reply_to_status_id":null,"in_reply_to_status_id_str":null,"in_reply_to_user_id":null,"in_reply_to_user_id_str":null,"in_reply_to_screen_name":null,"user":{"id":84119953,"id_str":"84119953","name":"Yamis Attic Treasure","screen_name":"YamisAttic","location":"Florida","description":"#Antiques, #collectibles, #vintage items, and everything in between  -  Come check me out! \r\nhttps:\/\/t.co\/Yp0MAwzE28","url":"http:\/\/t.co\/xnRPXyGBUB","entities":{"url":{"urls":[{"url":"http:\/\/t.co\/xnRPXyGBUB","expanded_url":"http:\/\/stores.ebay.com\/Yamis-Attic-Treasures","display_url":"stores.ebay.com\/Yamis-Attic-Tr\u2026","indices":[0,22]}]},"description":{"urls":[{"url":"https:\/\/t.co\/Yp0MAwzE28","expanded_url":"https:\/\/www.facebook.com\/pages\/Yamis-Attic-Treasures\/204273076337975?sk=wall","display_url":"facebook.com\/pages\/Yamis-At\u2026","indices":[93,116]}]}},"protected":false,"followers_count":28967,"friends_count":25936,"listed_count":883,"created_at":"Wed Oct 21 17:28:43 +0000 2009","favourites_count":5654,"utc_offset":-21600,"time_zone":"Central Time (US & Canada)","geo_enabled":false,"verified":false,"statuses_count":369120,"lang":"en","contributors_enabled":false,"is_translator":false,"is_translation_enabled":false,"profile_background_color":"EDE7C7","profile_background_image_url":"http:\/\/pbs.twimg.com\/profile_background_images\/479765160278499328\/BPcNxxeP.jpeg","profile_background_image_url_https":"https:\/\/pbs.twimg.com\/profile_background_images\/479765160278499328\/BPcNxxeP.jpeg","profile_background_tile":true,"profile_image_url":"http:\/\/pbs.twimg.com\/profile_images\/1748412193\/P1060559_normal.jpg","profile_image_url_https":"https:\/\/pbs.twimg.com\/profile_images\/1748412193\/P1060559_normal.jpg","profile_banner_url":"https:\/\/pbs.twimg.com\/profile_banners\/84119953\/1403278738","profile_link_color":"1F98C7","profile_sidebar_border_color":"FFFFFF","profile_sidebar_fill_color":"DAECF4","profile_text_color":"663B12","profile_use_background_image":true,"has_extended_profile":false,"default_profile":false,"default_profile_image":false,"following":false,"follow_request_sent":false,"notifications":false,"translator_type":"none"},"geo":null,"coordinates":null,"place":null,"contributors":null,"retweeted_status":{"created_at":"Tue Feb 20 20:48:03 +0000 2018","id":966051849488027648,"id_str":"966051849488027648","text":"ISBN 0584110367 ,  Barry John's Rugby World: No. 3, (Hardcover) by Barry John (Editor) 1982,#rugby #BarryJohn\u2026 https:\/\/t.co\/32El633h3k","truncated":true,"entities":{"hashtags":[{"text":"rugby","indices":[92,98]},{"text":"BarryJohn","indices":[99,109]}],"symbols":[],"user_mentions":[],"urls":[{"url":"https:\/\/t.co\/32El633h3k","expanded_url":"https:\/\/twitter.com\/i\/web\/status\/966051849488027648","display_url":"twitter.com\/i\/web\/status\/9\u2026","indices":[111,134]}]},"metadata":{"iso_language_code":"en","result_type":"recent"},"source":"\u003ca href=\"http:\/\/twitter.com\" rel=\"nofollow\"\u003eTwitter Web Client\u003c\/a\u003e","in_reply_to_status_id":null,"in_reply_to_status_id_str":null,"in_reply_to_user_id":null,"in_reply_to_user_id_str":null,"in_reply_to_screen_name":null,"user":{"id":335232320,"id_str":"335232320","name":"Zoomerman Collection","screen_name":"bjaycee","location":"Gloucester, England","description":"My personal collection of Antique, Vintage, Retro Items & Books with regular additions.The Zoomerman Collection","url":"https:\/\/t.co\/r6xaBPzr9j","entities":{"url":{"urls":[{"url":"https:\/\/t.co\/r6xaBPzr9j","expanded_url":"http:\/\/Zoomerman.net","display_url":"Zoomerman.net","indices":[0,23]}]},"description":{"urls":[]}},"protected":false,"followers_count":5498,"friends_count":5469,"listed_count":49,"created_at":"Thu Jul 14 10:58:55 +0000 2011","favourites_count":3816,"utc_offset":-28800,"time_zone":"Pacific Time (US & Canada)","geo_enabled":false,"verified":false,"statuses_count":23278,"lang":"en","contributors_enabled":false,"is_translator":false,"is_translation_enabled":false,"profile_background_color":"C0DEED","profile_background_image_url":"http:\/\/abs.twimg.com\/images\/themes\/theme1\/bg.png","profile_background_image_url_https":"https:\/\/abs.twimg.com\/images\/themes\/theme1\/bg.png","profile_background_tile":false,"profile_image_url":"http:\/\/pbs.twimg.com\/profile_images\/870576853584670722\/rDbtcuOG_normal.jpg","profile_image_url_https":"https:\/\/pbs.twimg.com\/profile_images\/870576853584670722\/rDbtcuOG_normal.jpg","profile_banner_url":"https:\/\/pbs.twimg.com\/profile_banners\/335232320\/1501184351","profile_link_color":"1DA1F2","profile_sidebar_border_color":"C0DEED","profile_sidebar_fill_color":"DDEEF6","profile_text_color":"333333","profile_use_background_image":true,"has_extended_profile":false,"default_profile":true,"default_profile_image":false,"following":false,"follow_request_sent":false,"notifications":false,"translator_type":"none"},"geo":null,"coordinates":null,"place":null,"contributors":null,"is_quote_status":false,"retweet_count":2,"favorite_count":2,"favorited":false,"retweeted":false,"possibly_sensitive":false,"lang":"en"},"is_quote_status":false,"retweet_count":2,"favorite_count":0,"favorited":false,"retweeted":false,"lang":"en"},{"created_at":"Tue Feb 20 21:01:44 +0000 2018","id":966055289316413440,"id_str":"966055289316413440","text":"RT @GavConway91: I\u2019d love to go to the @IrishRugby v @WalesRugby @AVIVAStadium this weekend! \ud83d\ude31 It\u2019s going to be a belter #rugby #irfu #wale\u2026","truncated":false,"entities":{"hashtags":[{"text":"rugby","indices":[121,127]},{"text":"irfu","indices":[128,133]}],"symbols":[],"user_mentions":[{"screen_name":"GavConway91","name":"Gav Conway","id":429412344,"id_str":"429412344","indices":[3,15]},{"screen_name":"IrishRugby","name":"Irish Rugby","id":90430970,"id_str":"90430970","indices":[39,50]},{"screen_name":"WalesRugby","name":"WalesOnline Rugby","id":27847902,"id_str":"27847902","indices":[53,64]},{"screen_name":"AVIVAStadium","name":"AVIVA Stadium","id":33472684,"id_str":"33472684","indices":[65,78]}],"urls":[]},"metadata":{"iso_language_code":"en","result_type":"recent"},"source":"\u003ca href=\"http:\/\/twitter.com\/download\/iphone\" rel=\"nofollow\"\u003eTwitter for iPhone\u003c\/a\u003e","in_reply_to_status_id":null,"in_reply_to_status_id_str":null,"in_reply_to_user_id":null,"in_reply_to_user_id_str":null,"in_reply_to_screen_name":null,"user":{"id":128408290,"id_str":"128408290","name":"Karissa McEneff","screen_name":"karissa_mceneff","location":"Dublin, Ireland","description":"Digital Client Exec @insight_pr #DigitalMarketing \ud83d\udcbb #SocialMedia Enthusiast \u2328\ufe0f Foodie & Travel Blogger \ud83c\udf54\ud83c\udf0e Instagram Obsessed @rekammend_me \ud83d\udcf8 Views my own","url":"https:\/\/t.co\/o0FPw5xjM3","entities":{"url":{"urls":[{"url":"https:\/\/t.co\/o0FPw5xjM3","expanded_url":"http:\/\/www.rekammendme.com","display_url":"rekammendme.com","indices":[0,23]}]},"description":{"urls":[]}},"protected":false,"followers_count":1353,"friends_count":1619,"listed_count":22,"created_at":"Thu Apr 01 01:35:17 +0000 2010","favourites_count":1029,"utc_offset":3600,"time_zone":"Amsterdam","geo_enabled":true,"verified":false,"statuses_count":1204,"lang":"en","contributors_enabled":false,"is_translator":false,"is_translation_enabled":false,"profile_background_color":"E69AB2","profile_background_image_url":"http:\/\/abs.twimg.com\/images\/themes\/theme1\/bg.png","profile_background_image_url_https":"https:\/\/abs.twimg.com\/images\/themes\/theme1\/bg.png","profile_background_tile":false,"profile_image_url":"http:\/\/pbs.twimg.com\/profile_images\/917736518265004033\/8GH_YDwD_normal.jpg","profile_image_url_https":"https:\/\/pbs.twimg.com\/profile_images\/917736518265004033\/8GH_YDwD_normal.jpg","profile_banner_url":"https:\/\/pbs.twimg.com\/profile_banners\/128408290\/1494947339","profile_link_color":"F58EA8","profile_sidebar_border_color":"DBADD7","profile_sidebar_fill_color":"CCFFDF","profile_text_color":"333333","profile_use_background_image":true,"has_extended_profile":true,"default_profile":false,"default_profile_image":false,"following":false,"follow_request_sent":false,"notifications":false,"translator_type":"none"},"geo":null,"coordinates":null,"place":null,"contributors":null,"retweeted_status":{"created_at":"Tue Feb 20 18:43:07 +0000 2018","id":966020405138993152,"id_str":"966020405138993152","text":"I\u2019d love to go to the @IrishRugby v @WalesRugby @AVIVAStadium this weekend! \ud83d\ude31 It\u2019s going to be a belter #rugby #irfu #wales #SixNations","truncated":false,"entities":{"hashtags":[{"text":"rugby","indices":[104,110]},{"text":"irfu","indices":[111,116]},{"text":"wales","indices":[117,123]},{"text":"SixNations","indices":[124,135]}],"symbols":[],"user_mentions":[{"screen_name":"IrishRugby","name":"Irish Rugby","id":90430970,"id_str":"90430970","indices":[22,33]},{"screen_name":"WalesRugby","name":"WalesOnline Rugby","id":27847902,"id_str":"27847902","indices":[36,47]},{"screen_name":"AVIVAStadium","name":"AVIVA Stadium","id":33472684,"id_str":"33472684","indices":[48,61]}],"urls":[]},"metadata":{"iso_language_code":"en","result_type":"recent"},"source":"\u003ca href=\"http:\/\/twitter.com\/download\/iphone\" rel=\"nofollow\"\u003eTwitter for iPhone\u003c\/a\u003e","in_reply_to_status_id":null,"in_reply_to_status_id_str":null,"in_reply_to_user_id":null,"in_reply_to_user_id_str":null,"in_reply_to_screen_name":null,"user":{"id":429412344,"id_str":"429412344","name":"Gav Conway","screen_name":"GavConway91","location":"Dublin Ireland","description":"\ud83d\udccc #DigitalMarketing & #SocialMedia - lover of gigs, travel and keen supporter of @Leinsterrugby @DubGAAofficial & @ManUtd - All views my own Insta gavconway91","url":null,"entities":{"description":{"urls":[]}},"protected":false,"followers_count":2824,"friends_count":3353,"listed_count":13,"created_at":"Mon Dec 05 23:08:04 +0000 2011","favourites_count":902,"utc_offset":null,"time_zone":null,"geo_enabled":true,"verified":false,"statuses_count":906,"lang":"en","contributors_enabled":false,"is_translator":false,"is_translation_enabled":false,"profile_background_color":"C0DEED","profile_background_image_url":"http:\/\/abs.twimg.com\/images\/themes\/theme1\/bg.png","profile_background_image_url_https":"https:\/\/abs.twimg.com\/images\/themes\/theme1\/bg.png","profile_background_tile":false,"profile_image_url":"http:\/\/pbs.twimg.com\/profile_images\/896357997961674753\/f4czNewY_normal.jpg","profile_image_url_https":"https:\/\/pbs.twimg.com\/profile_images\/896357997961674753\/f4czNewY_normal.jpg","profile_banner_url":"https:\/\/pbs.twimg.com\/profile_banners\/429412344\/1427224869","profile_link_color":"1DA1F2","profile_sidebar_border_color":"C0DEED","profile_sidebar_fill_color":"DDEEF6","profile_text_color":"333333","profile_use_background_image":true,"has_extended_profile":false,"default_profile":true,"default_profile_image":false,"following":false,"follow_request_sent":false,"notifications":false,"translator_type":"none"},"geo":null,"coordinates":null,"place":{"id":"723427e351a01e72","url":"https:\/\/api.twitter.com\/1.1\/geo\/id\/723427e351a01e72.json","place_type":"city","name":"Dun Laoghaire-Rathdown","full_name":"Dun Laoghaire-Rathdown, Ireland","country_code":"IE","country":"Ireland","contained_within":[],"bounding_box":{"type":"Polygon","coordinates":[[[-6.2820377,53.1992829],[-6.0667589,53.1992829],[-6.0667589,53.315283],[-6.2820377,53.315283]]]},"attributes":{}},"contributors":null,"is_quote_status":false,"retweet_count":1,"favorite_count":1,"favorited":false,"retweeted":false,"lang":"en"},"is_quote_status":false,"retweet_count":1,"favorite_count":0,"favorited":false,"retweeted":false,"lang":"en"},{"created_at":"Tue Feb 20 20:59:26 +0000 2018","id":966054713719484416,"id_str":"966054713719484416","text":"RT @BBCSportWales: Wales team to face Ireland in the #SixNations on Saturday\n\nThree changes to the starting lineup from the loss to England\u2026","truncated":false,"entities":{"hashtags":[{"text":"SixNations","indices":[53,64]}],"symbols":[],"user_mentions":[{"screen_name":"BBCSportWales","name":"BBC Sport Wales","id":110758975,"id_str":"110758975","indices":[3,17]}],"urls":[]},"metadata":{"iso_language_code":"en","result_type":"recent"},"source":"\u003ca href=\"http:\/\/twitter.com\/#!\/download\/ipad\" rel=\"nofollow\"\u003eTwitter for iPad\u003c\/a\u003e","in_reply_to_status_id":null,"in_reply_to_status_id_str":null,"in_reply_to_user_id":null,"in_reply_to_user_id_str":null,"in_reply_to_screen_name":null,"user":{"id":1561570435,"id_str":"1561570435","name":"Simon Walker","screen_name":"si190470","location":" ","description":"Do a bit of cooking. Big rugby fan. Like to travel. All views are my own.","url":null,"entities":{"description":{"urls":[]}},"protected":false,"followers_count":315,"friends_count":866,"listed_count":60,"created_at":"Mon Jul 01 21:48:45 +0000 2013","favourites_count":122,"utc_offset":0,"time_zone":"London","geo_enabled":false,"verified":false,"statuses_count":18498,"lang":"en","contributors_enabled":false,"is_translator":false,"is_translation_enabled":false,"profile_background_color":"C0DEED","profile_background_image_url":"http:\/\/abs.twimg.com\/images\/themes\/theme1\/bg.png","profile_background_image_url_https":"https:\/\/abs.twimg.com\/images\/themes\/theme1\/bg.png","profile_background_tile":false,"profile_image_url":"http:\/\/pbs.twimg.com\/profile_images\/932291335004020736\/_gq7jSYM_normal.jpg","profile_image_url_https":"https:\/\/pbs.twimg.com\/profile_images\/932291335004020736\/_gq7jSYM_normal.jpg","profile_banner_url":"https:\/\/pbs.twimg.com\/profile_banners\/1561570435\/1511110551","profile_link_color":"1DA1F2","profile_sidebar_border_color":"C0DEED","profile_sidebar_fill_color":"DDEEF6","profile_text_color":"333333","profile_use_background_image":true,"has_extended_profile":true,"default_profile":true,"default_profile_image":false,"following":false,"follow_request_sent":false,"notifications":false,"translator_type":"none"},"geo":null,"coordinates":null,"place":null,"contributors":null,"retweeted_status":{"created_at":"Tue Feb 20 12:02:15 +0000 2018","id":965919527069503488,"id_str":"965919527069503488","text":"Wales team to face Ireland in the #SixNations on Saturday\n\nThree changes to the starting lineup from the loss to En\u2026 https:\/\/t.co\/azPTJyeDzn","truncated":true,"entities":{"hashtags":[{"text":"SixNations","indices":[34,45]}],"symbols":[],"user_mentions":[],"urls":[{"url":"https:\/\/t.co\/azPTJyeDzn","expanded_url":"https:\/\/twitter.com\/i\/web\/status\/965919527069503488","display_url":"twitter.com\/i\/web\/status\/9\u2026","indices":[117,140]}]},"metadata":{"iso_language_code":"en","result_type":"recent"},"source":"\u003ca href=\"https:\/\/about.twitter.com\/products\/tweetdeck\" rel=\"nofollow\"\u003eTweetDeck\u003c\/a\u003e","in_reply_to_status_id":null,"in_reply_to_status_id_str":null,"in_reply_to_user_id":null,"in_reply_to_user_id_str":null,"in_reply_to_screen_name":null,"user":{"id":110758975,"id_str":"110758975","name":"BBC Sport Wales","screen_name":"BBCSportWales","location":"Wales","description":"Breaking sport news from @BBCWales. Follow: @BBCScrumV, @yclwbrygbi \u2022 @BBCRadioWales, @bbccamplawn \u2022 @BBCSport, @bbcgetinspired \u2022 https:\/\/t.co\/cqK4tqJbiG","url":"https:\/\/t.co\/ZrQZR392yQ","entities":{"url":{"urls":[{"url":"https:\/\/t.co\/ZrQZR392yQ","expanded_url":"http:\/\/bbc.co.uk\/sport\/wales","display_url":"bbc.co.uk\/sport\/wales","indices":[0,23]}]},"description":{"urls":[{"url":"https:\/\/t.co\/cqK4tqJbiG","expanded_url":"http:\/\/fb.me\/BBCSportWales","display_url":"fb.me\/BBCSportWales","indices":[130,153]}]}},"protected":false,"followers_count":84744,"friends_count":258,"listed_count":450,"created_at":"Tue Feb 02 17:37:18 +0000 2010","favourites_count":199,"utc_offset":0,"time_zone":"London","geo_enabled":true,"verified":true,"statuses_count":75350,"lang":"en","contributors_enabled":false,"is_translator":false,"is_translation_enabled":false,"profile_background_color":"948F94","profile_background_image_url":"http:\/\/pbs.twimg.com\/profile_background_images\/628549963744718849\/7dY7-lQw.jpg","profile_background_image_url_https":"https:\/\/pbs.twimg.com\/profile_background_images\/628549963744718849\/7dY7-lQw.jpg","profile_background_tile":false,"profile_image_url":"http:\/\/pbs.twimg.com\/profile_images\/897462034245320705\/3sBR7IbM_normal.jpg","profile_image_url_https":"https:\/\/pbs.twimg.com\/profile_images\/897462034245320705\/3sBR7IbM_normal.jpg","profile_banner_url":"https:\/\/pbs.twimg.com\/profile_banners\/110758975\/1515685676","profile_link_color":"948F94","profile_sidebar_border_color":"FFFFFF","profile_sidebar_fill_color":"FAE1E2","profile_text_color":"333333","profile_use_background_image":true,"has_extended_profile":false,"default_profile":false,"default_profile_image":false,"following":false,"follow_request_sent":false,"notifications":false,"translator_type":"none"},"geo":null,"coordinates":null,"place":null,"contributors":null,"is_quote_status":false,"retweet_count":44,"favorite_count":154,"favorited":false,"retweeted":false,"possibly_sensitive":false,"lang":"en"},"is_quote_status":false,"retweet_count":44,"favorite_count":0,"favorited":false,"retweeted":false,"lang":"en"},{"created_at":"Tue Feb 20 20:59:25 +0000 2018","id":966054709634256896,"id_str":"966054709634256896","text":"We\u2019ve plenty of live channel choice and Video on Demand\n\nPop over to https:\/\/t.co\/64PuELWOlo for a plan or email us\u2026 https:\/\/t.co\/sBnMOz8gOH","truncated":true,"entities":{"hashtags":[],"symbols":[],"user_mentions":[],"urls":[{"url":"https:\/\/t.co\/64PuELWOlo","expanded_url":"http:\/\/mciptv.co.uk","display_url":"mciptv.co.uk","indices":[69,92]},{"url":"https:\/\/t.co\/sBnMOz8gOH","expanded_url":"https:\/\/twitter.com\/i\/web\/status\/966054709634256896","display_url":"twitter.com\/i\/web\/status\/9\u2026","indices":[117,140]}]},"metadata":{"iso_language_code":"en","result_type":"recent"},"source":"\u003ca href=\"http:\/\/twitter.com\/#!\/download\/ipad\" rel=\"nofollow\"\u003eTwitter for iPad\u003c\/a\u003e","in_reply_to_status_id":null,"in_reply_to_status_id_str":null,"in_reply_to_user_id":null,"in_reply_to_user_id_str":null,"in_reply_to_screen_name":null,"user":{"id":868052799950639104,"id_str":"868052799950639104","name":"MCIPTV","screen_name":"MCIPTV","location":"Coventry, England","description":"Worldwide Entertainment, Sports & Movies. Retailers of the #MAG & #OPENBOX - Come and join the fastest growing, most reliable provider around! Try us FREE","url":"https:\/\/t.co\/isxRPzs395","entities":{"url":{"urls":[{"url":"https:\/\/t.co\/isxRPzs395","expanded_url":"http:\/\/www.mciptv.co.uk","display_url":"mciptv.co.uk","indices":[0,23]}]},"description":{"urls":[]}},"protected":false,"followers_count":403,"friends_count":473,"listed_count":0,"created_at":"Fri May 26 10:34:49 +0000 2017","favourites_count":28,"utc_offset":0,"time_zone":"London","geo_enabled":false,"verified":false,"statuses_count":2693,"lang":"en","contributors_enabled":false,"is_translator":false,"is_translation_enabled":false,"profile_background_color":"F5F8FA","profile_background_image_url":null,"profile_background_image_url_https":null,"profile_background_tile":false,"profile_image_url":"http:\/\/pbs.twimg.com\/profile_images\/956623426516668417\/_GbIJzuS_normal.jpg","profile_image_url_https":"https:\/\/pbs.twimg.com\/profile_images\/956623426516668417\/_GbIJzuS_normal.jpg","profile_banner_url":"https:\/\/pbs.twimg.com\/profile_banners\/868052799950639104\/1513942562","profile_link_color":"1DA1F2","profile_sidebar_border_color":"C0DEED","profile_sidebar_fill_color":"DDEEF6","profile_text_color":"333333","profile_use_background_image":true,"has_extended_profile":true,"default_profile":true,"default_profile_image":false,"following":false,"follow_request_sent":false,"notifications":false,"translator_type":"none"},"geo":null,"coordinates":null,"place":null,"contributors":null,"is_quote_status":false,"retweet_count":0,"favorite_count":0,"favorited":false,"retweeted":false,"possibly_sensitive":false,"lang":"en"},{"created_at":"Tue Feb 20 20:58:57 +0000 2018","id":966054590666956800,"id_str":"966054590666956800","text":"Looking for a good pub in #Chester to watch the #SixNations. Any suggestions?","truncated":false,"entities":{"hashtags":[{"text":"Chester","indices":[26,34]},{"text":"SixNations","indices":[48,59]}],"symbols":[],"user_mentions":[],"urls":[]},"metadata":{"iso_language_code":"en","result_type":"recent"},"source":"\u003ca href=\"http:\/\/twitter.com\/download\/iphone\" rel=\"nofollow\"\u003eTwitter for iPhone\u003c\/a\u003e","in_reply_to_status_id":null,"in_reply_to_status_id_str":null,"in_reply_to_user_id":null,"in_reply_to_user_id_str":null,"in_reply_to_screen_name":null,"user":{"id":252552742,"id_str":"252552742","name":"Chris Gamlin Andrews","screen_name":"gamlin3","location":"Widnes (or Ashton Gate)","description":"South West exile stranded in Widnes. Bristol Rugby fan. Cider drinker. Not here to fuck spiders.","url":null,"entities":{"description":{"urls":[]}},"protected":false,"followers_count":218,"friends_count":248,"listed_count":2,"created_at":"Tue Feb 15 12:37:21 +0000 2011","favourites_count":60,"utc_offset":0,"time_zone":"London","geo_enabled":true,"verified":false,"statuses_count":4791,"lang":"en","contributors_enabled":false,"is_translator":false,"is_translation_enabled":false,"profile_background_color":"C0DEED","profile_background_image_url":"http:\/\/pbs.twimg.com\/profile_background_images\/338136699\/black.jpg","profile_background_image_url_https":"https:\/\/pbs.twimg.com\/profile_background_images\/338136699\/black.jpg","profile_background_tile":true,"profile_image_url":"http:\/\/pbs.twimg.com\/profile_images\/378800000749761753\/05d39f6703cd8587fd45b373177ee23f_normal.jpeg","profile_image_url_https":"https:\/\/pbs.twimg.com\/profile_images\/378800000749761753\/05d39f6703cd8587fd45b373177ee23f_normal.jpeg","profile_banner_url":"https:\/\/pbs.twimg.com\/profile_banners\/252552742\/1493208821","profile_link_color":"0084B4","profile_sidebar_border_color":"C0DEED","profile_sidebar_fill_color":"DDEEF6","profile_text_color":"333333","profile_use_background_image":true,"has_extended_profile":false,"default_profile":false,"default_profile_image":false,"following":false,"follow_request_sent":false,"notifications":false,"translator_type":"none"},"geo":null,"coordinates":null,"place":null,"contributors":null,"is_quote_status":false,"retweet_count":0,"favorite_count":1,"favorited":false,"retweeted":false,"lang":"en"},{"created_at":"Tue Feb 20 20:58:00 +0000 2018","id":966054349897158657,"id_str":"966054349897158657","text":"RT @ExpresswayIRE: The Big Red Tour passes through Dublin. But do you know who is in Dublin this weekend? The Welsh. Follow and RT for a ch\u2026","truncated":false,"entities":{"hashtags":[],"symbols":[],"user_mentions":[{"screen_name":"ExpresswayIRE","name":"Expressway","id":707266578539278337,"id_str":"707266578539278337","indices":[3,17]}],"urls":[]},"metadata":{"iso_language_code":"en","result_type":"recent"},"source":"\u003ca href=\"http:\/\/twitter.com\/download\/iphone\" rel=\"nofollow\"\u003eTwitter for iPhone\u003c\/a\u003e","in_reply_to_status_id":null,"in_reply_to_status_id_str":null,"in_reply_to_user_id":null,"in_reply_to_user_id_str":null,"in_reply_to_screen_name":null,"user":{"id":52759982,"id_str":"52759982","name":"Ken","screen_name":"mannionken","location":"Dublin, Ireland","description":"Biffo in Dublin.","url":"https:\/\/t.co\/226llNNsLf","entities":{"url":{"urls":[{"url":"https:\/\/t.co\/226llNNsLf","expanded_url":"https:\/\/www.instagram.com\/kenmannion\/","display_url":"instagram.com\/kenmannion\/","indices":[0,23]}]},"description":{"urls":[]}},"protected":false,"followers_count":197,"friends_count":827,"listed_count":1,"created_at":"Wed Jul 01 15:45:52 +0000 2009","favourites_count":288,"utc_offset":0,"time_zone":"Dublin","geo_enabled":true,"verified":false,"statuses_count":785,"lang":"en","contributors_enabled":false,"is_translator":false,"is_translation_enabled":false,"profile_background_color":"C0DEED","profile_background_image_url":"http:\/\/abs.twimg.com\/images\/themes\/theme1\/bg.png","profile_background_image_url_https":"https:\/\/abs.twimg.com\/images\/themes\/theme1\/bg.png","profile_background_tile":false,"profile_image_url":"http:\/\/pbs.twimg.com\/profile_images\/845277130758000640\/t7Uhzt60_normal.jpg","profile_image_url_https":"https:\/\/pbs.twimg.com\/profile_images\/845277130758000640\/t7Uhzt60_normal.jpg","profile_banner_url":"https:\/\/pbs.twimg.com\/profile_banners\/52759982\/1444688368","profile_link_color":"1DA1F2","profile_sidebar_border_color":"C0DEED","profile_sidebar_fill_color":"DDEEF6","profile_text_color":"333333","profile_use_background_image":true,"has_extended_profile":true,"default_profile":true,"default_profile_image":false,"following":false,"follow_request_sent":false,"notifications":false,"translator_type":"none"},"geo":null,"coordinates":null,"place":null,"contributors":null,"retweeted_status":{"created_at":"Mon Feb 19 13:01:51 +0000 2018","id":965572136055255045,"id_str":"965572136055255045","text":"The Big Red Tour passes through Dublin. But do you know who is in Dublin this weekend? The Welsh. Follow and RT for\u2026 https:\/\/t.co\/dKhaEX4Oo3","truncated":true,"entities":{"hashtags":[],"symbols":[],"user_mentions":[],"urls":[{"url":"https:\/\/t.co\/dKhaEX4Oo3","expanded_url":"https:\/\/twitter.com\/i\/web\/status\/965572136055255045","display_url":"twitter.com\/i\/web\/status\/9\u2026","indices":[117,140]}]},"metadata":{"iso_language_code":"en","result_type":"recent"},"source":"\u003ca href=\"http:\/\/twitter.com\" rel=\"nofollow\"\u003eTwitter Web Client\u003c\/a\u003e","in_reply_to_status_id":null,"in_reply_to_status_id_str":null,"in_reply_to_user_id":null,"in_reply_to_user_id_str":null,"in_reply_to_screen_name":null,"user":{"id":707266578539278337,"id_str":"707266578539278337","name":"Expressway","screen_name":"ExpresswayIRE","location":"","description":"Expressway, Bus \u00c9ireann\u2019s premium coach service, provides direct and regular services on over 18 routes throughout Ireland.","url":"https:\/\/t.co\/FzlrbDztDd","entities":{"url":{"urls":[{"url":"https:\/\/t.co\/FzlrbDztDd","expanded_url":"https:\/\/expressway.ie\/","display_url":"expressway.ie","indices":[0,23]}]},"description":{"urls":[]}},"protected":false,"followers_count":2996,"friends_count":208,"listed_count":7,"created_at":"Tue Mar 08 18:07:47 +0000 2016","favourites_count":169,"utc_offset":0,"time_zone":"London","geo_enabled":true,"verified":false,"statuses_count":595,"lang":"en","contributors_enabled":false,"is_translator":false,"is_translation_enabled":false,"profile_background_color":"F5F8FA","profile_background_image_url":null,"profile_background_image_url_https":null,"profile_background_tile":false,"profile_image_url":"http:\/\/pbs.twimg.com\/profile_images\/948894917186719750\/8y3f3s0f_normal.jpg","profile_image_url_https":"https:\/\/pbs.twimg.com\/profile_images\/948894917186719750\/8y3f3s0f_normal.jpg","profile_banner_url":"https:\/\/pbs.twimg.com\/profile_banners\/707266578539278337\/1517484282","profile_link_color":"1DA1F2","profile_sidebar_border_color":"C0DEED","profile_sidebar_fill_color":"DDEEF6","profile_text_color":"333333","profile_use_background_image":true,"has_extended_profile":false,"default_profile":true,"default_profile_image":false,"following":false,"follow_request_sent":false,"notifications":false,"translator_type":"none"},"geo":null,"coordinates":null,"place":null,"contributors":null,"is_quote_status":false,"retweet_count":267,"favorite_count":113,"favorited":false,"retweeted":false,"possibly_sensitive":false,"lang":"en"},"is_quote_status":false,"retweet_count":267,"favorite_count":0,"favorited":false,"retweeted":false,"lang":"en"},{"created_at":"Tue Feb 20 20:54:46 +0000 2018","id":966053539020754944,"id_str":"966053539020754944","text":"RT @CheckdMedia: \ud83c\udfc9CHECKDMEDIA GIVEAWAY!\ud83c\udfc9\n\nWIN a Six Nations shirt of your choice! \n\nRT &amp; Follow @CheckdMedia for a chance to win! \n\n#SixNat\u2026","truncated":false,"entities":{"hashtags":[],"symbols":[],"user_mentions":[{"screen_name":"CheckdMedia","name":"CheckdMedia","id":819254252879183872,"id_str":"819254252879183872","indices":[3,15]},{"screen_name":"CheckdMedia","name":"CheckdMedia","id":819254252879183872,"id_str":"819254252879183872","indices":[100,112]}],"urls":[]},"metadata":{"iso_language_code":"en","result_type":"recent"},"source":"\u003ca href=\"http:\/\/twitter.com\/download\/iphone\" rel=\"nofollow\"\u003eTwitter for iPhone\u003c\/a\u003e","in_reply_to_status_id":null,"in_reply_to_status_id_str":null,"in_reply_to_user_id":null,"in_reply_to_user_id_str":null,"in_reply_to_screen_name":null,"user":{"id":223858426,"id_str":"223858426","name":"Will Tyrrell","screen_name":"willtyrrell","location":"","description":"","url":null,"entities":{"description":{"urls":[]}},"protected":false,"followers_count":333,"friends_count":894,"listed_count":0,"created_at":"Tue Dec 07 14:37:51 +0000 2010","favourites_count":461,"utc_offset":3600,"time_zone":"Amsterdam","geo_enabled":false,"verified":false,"statuses_count":3439,"lang":"en","contributors_enabled":false,"is_translator":false,"is_translation_enabled":false,"profile_background_color":"C0DEED","profile_background_image_url":"http:\/\/pbs.twimg.com\/profile_background_images\/179925847\/27744_10150186823730657_517160656_12438749_7991522_n.jpg","profile_background_image_url_https":"https:\/\/pbs.twimg.com\/profile_background_images\/179925847\/27744_10150186823730657_517160656_12438749_7991522_n.jpg","profile_background_tile":false,"profile_image_url":"http:\/\/pbs.twimg.com\/profile_images\/956229279116877824\/cieeWtKp_normal.jpg","profile_image_url_https":"https:\/\/pbs.twimg.com\/profile_images\/956229279116877824\/cieeWtKp_normal.jpg","profile_link_color":"0084B4","profile_sidebar_border_color":"C0DEED","profile_sidebar_fill_color":"DDEEF6","profile_text_color":"333333","profile_use_background_image":true,"has_extended_profile":false,"default_profile":false,"default_profile_image":false,"following":false,"follow_request_sent":false,"notifications":false,"translator_type":"none"},"geo":null,"coordinates":null,"place":null,"contributors":null,"retweeted_status":{"created_at":"Tue Feb 20 12:35:39 +0000 2018","id":965927930084974592,"id_str":"965927930084974592","text":"\ud83c\udfc9CHECKDMEDIA GIVEAWAY!\ud83c\udfc9\n\nWIN a Six Nations shirt of your choice! \n\nRT &amp; Follow @CheckdMedia for a chance to win!\u2026 https:\/\/t.co\/3NVj97JaMk","truncated":true,"entities":{"hashtags":[],"symbols":[],"user_mentions":[{"screen_name":"CheckdMedia","name":"CheckdMedia","id":819254252879183872,"id_str":"819254252879183872","indices":[83,95]}],"urls":[{"url":"https:\/\/t.co\/3NVj97JaMk","expanded_url":"https:\/\/twitter.com\/i\/web\/status\/965927930084974592","display_url":"twitter.com\/i\/web\/status\/9\u2026","indices":[118,141]}]},"metadata":{"iso_language_code":"en","result_type":"recent"},"source":"\u003ca href=\"https:\/\/about.twitter.com\/products\/tweetdeck\" rel=\"nofollow\"\u003eTweetDeck\u003c\/a\u003e","in_reply_to_status_id":null,"in_reply_to_status_id_str":null,"in_reply_to_user_id":null,"in_reply_to_user_id_str":null,"in_reply_to_screen_name":null,"user":{"id":819254252879183872,"id_str":"819254252879183872","name":"CheckdMedia","screen_name":"CheckdMedia","location":"Manchester, England","description":"A unique social marketing company \ud83c\udf0f | Established communities await your brand\ud83d\udccd","url":"https:\/\/t.co\/x2GNdT15LS","entities":{"url":{"urls":[{"url":"https:\/\/t.co\/x2GNdT15LS","expanded_url":"http:\/\/Checkd.Media","display_url":"Checkd.Media","indices":[0,23]}]},"description":{"urls":[]}},"protected":false,"followers_count":580,"friends_count":608,"listed_count":1,"created_at":"Wed Jan 11 18:46:49 +0000 2017","favourites_count":14,"utc_offset":-28800,"time_zone":"Pacific Time (US & Canada)","geo_enabled":false,"verified":false,"statuses_count":51,"lang":"en-gb","contributors_enabled":false,"is_translator":false,"is_translation_enabled":false,"profile_background_color":"F5F8FA","profile_background_image_url":null,"profile_background_image_url_https":null,"profile_background_tile":false,"profile_image_url":"http:\/\/pbs.twimg.com\/profile_images\/950740558082904065\/KiSj0-bz_normal.jpg","profile_image_url_https":"https:\/\/pbs.twimg.com\/profile_images\/950740558082904065\/KiSj0-bz_normal.jpg","profile_banner_url":"https:\/\/pbs.twimg.com\/profile_banners\/819254252879183872\/1515509249","profile_link_color":"1DA1F2","profile_sidebar_border_color":"C0DEED","profile_sidebar_fill_color":"DDEEF6","profile_text_color":"333333","profile_use_background_image":true,"has_extended_profile":false,"default_profile":true,"default_profile_image":false,"following":false,"follow_request_sent":false,"notifications":false,"translator_type":"none"},"geo":null,"coordinates":null,"place":null,"contributors":null,"is_quote_status":false,"retweet_count":22,"favorite_count":9,"favorited":false,"retweeted":false,"possibly_sensitive":false,"lang":"en"},"is_quote_status":false,"retweet_count":22,"favorite_count":0,"favorited":false,"retweeted":false,"lang":"en"},{"created_at":"Tue Feb 20 20:54:46 +0000 2018","id":966053537389187072,"id_str":"966053537389187072","text":"RT @Bovidiva: Gallons and gallons! Who's off to #IREvWAL with a pint of #milk in hand? Show us your #MilkPintChallenge, #rugby fans! #sixna\u2026","truncated":false,"entities":{"hashtags":[{"text":"IREvWAL","indices":[48,56]},{"text":"milk","indices":[72,77]},{"text":"MilkPintChallenge","indices":[100,118]},{"text":"rugby","indices":[120,126]}],"symbols":[],"user_mentions":[{"screen_name":"Bovidiva","name":"Dr Jude Capper \ud83e\udd5b\ud83d\udc04\ud83e\uddc0","id":20193529,"id_str":"20193529","indices":[3,12]}],"urls":[]},"metadata":{"iso_language_code":"en","result_type":"recent"},"source":"\u003ca href=\"http:\/\/twitter.com\/download\/android\" rel=\"nofollow\"\u003eTwitter for Android\u003c\/a\u003e","in_reply_to_status_id":null,"in_reply_to_status_id_str":null,"in_reply_to_user_id":null,"in_reply_to_user_id_str":null,"in_reply_to_screen_name":null,"user":{"id":537379287,"id_str":"537379287","name":"Paul Matthews","screen_name":"jpal2001Paul","location":"Ireland","description":"Being dabling in farming all my life.","url":null,"entities":{"description":{"urls":[]}},"protected":false,"followers_count":134,"friends_count":392,"listed_count":0,"created_at":"Mon Mar 26 15:13:44 +0000 2012","favourites_count":2269,"utc_offset":null,"time_zone":null,"geo_enabled":false,"verified":false,"statuses_count":2332,"lang":"en","contributors_enabled":false,"is_translator":false,"is_translation_enabled":false,"profile_background_color":"C0DEED","profile_background_image_url":"http:\/\/abs.twimg.com\/images\/themes\/theme1\/bg.png","profile_background_image_url_https":"https:\/\/abs.twimg.com\/images\/themes\/theme1\/bg.png","profile_background_tile":false,"profile_image_url":"http:\/\/pbs.twimg.com\/profile_images\/923337934916456448\/90f-DT5e_normal.jpg","profile_image_url_https":"https:\/\/pbs.twimg.com\/profile_images\/923337934916456448\/90f-DT5e_normal.jpg","profile_banner_url":"https:\/\/pbs.twimg.com\/profile_banners\/537379287\/1514055203","profile_link_color":"1DA1F2","profile_sidebar_border_color":"C0DEED","profile_sidebar_fill_color":"DDEEF6","profile_text_color":"333333","profile_use_background_image":true,"has_extended_profile":false,"default_profile":true,"default_profile_image":false,"following":false,"follow_request_sent":false,"notifications":false,"translator_type":"none"},"geo":null,"coordinates":null,"place":null,"contributors":null,"retweeted_status":{"created_at":"Tue Feb 20 20:39:02 +0000 2018","id":966049578079408129,"id_str":"966049578079408129","text":"Gallons and gallons! Who's off to #IREvWAL with a pint of #milk in hand? Show us your #MilkPintChallenge, #rugby fa\u2026 https:\/\/t.co\/goB3oDAYEl","truncated":true,"entities":{"hashtags":[{"text":"IREvWAL","indices":[34,42]},{"text":"milk","indices":[58,63]},{"text":"MilkPintChallenge","indices":[86,104]},{"text":"rugby","indices":[106,112]}],"symbols":[],"user_mentions":[],"urls":[{"url":"https:\/\/t.co\/goB3oDAYEl","expanded_url":"https:\/\/twitter.com\/i\/web\/status\/966049578079408129","display_url":"twitter.com\/i\/web\/status\/9\u2026","indices":[117,140]}]},"metadata":{"iso_language_code":"en","result_type":"recent"},"source":"\u003ca href=\"http:\/\/twitter.com\" rel=\"nofollow\"\u003eTwitter Web Client\u003c\/a\u003e","in_reply_to_status_id":null,"in_reply_to_status_id_str":null,"in_reply_to_user_id":null,"in_reply_to_user_id_str":null,"in_reply_to_screen_name":null,"user":{"id":20193529,"id_str":"20193529","name":"Dr Jude Capper \ud83e\udd5b\ud83d\udc04\ud83e\uddc0","screen_name":"Bovidiva","location":"Oxfordshire, UK","description":"Livestock sustainability consultant. Animal scientist. Myth-buster. Breast cancer survivor. Mum. Dairy Industry Woman of the Year 2017. Celebrating #Februdairy","url":"https:\/\/t.co\/M1lQmuqvl0","entities":{"url":{"urls":[{"url":"https:\/\/t.co\/M1lQmuqvl0","expanded_url":"http:\/\/bovidiva.com","display_url":"bovidiva.com","indices":[0,23]}]},"description":{"urls":[]}},"protected":false,"followers_count":8332,"friends_count":1097,"listed_count":252,"created_at":"Thu Feb 05 21:58:05 +0000 2009","favourites_count":14340,"utc_offset":0,"time_zone":"UTC","geo_enabled":true,"verified":false,"statuses_count":32527,"lang":"en","contributors_enabled":false,"is_translator":false,"is_translation_enabled":false,"profile_background_color":"000000","profile_background_image_url":"http:\/\/abs.twimg.com\/images\/themes\/theme7\/bg.gif","profile_background_image_url_https":"https:\/\/abs.twimg.com\/images\/themes\/theme7\/bg.gif","profile_background_tile":false,"profile_image_url":"http:\/\/pbs.twimg.com\/profile_images\/803920653212598272\/DmCIXwa0_normal.jpg","profile_image_url_https":"https:\/\/pbs.twimg.com\/profile_images\/803920653212598272\/DmCIXwa0_normal.jpg","profile_banner_url":"https:\/\/pbs.twimg.com\/profile_banners\/20193529\/1510361520","profile_link_color":"457C34","profile_sidebar_border_color":"000000","profile_sidebar_fill_color":"000000","profile_text_color":"000000","profile_use_background_image":false,"has_extended_profile":false,"default_profile":false,"default_profile_image":false,"following":false,"follow_request_sent":false,"notifications":false,"translator_type":"none"},"geo":null,"coordinates":null,"place":null,"contributors":null,"is_quote_status":true,"quoted_status_id":966038132591398912,"quoted_status_id_str":"966038132591398912","quoted_status":{"created_at":"Tue Feb 20 19:53:33 +0000 2018","id":966038132591398912,"id_str":"966038132591398912","text":"@Bovidiva @danscully8 Be interesting too see how much milk will be drank in Dublin \u00e0t weekend #IREvWAL \ud83d\udc04\ud83d\udc04\ud83e\udd5b\ud83e\udd5b\ud83e\udd5b","truncated":false,"entities":{"hashtags":[{"text":"IREvWAL","indices":[94,102]}],"symbols":[],"user_mentions":[{"screen_name":"Bovidiva","name":"Dr Jude Capper \ud83e\udd5b\ud83d\udc04\ud83e\uddc0","id":20193529,"id_str":"20193529","indices":[0,9]},{"screen_name":"danscully8","name":"danny sculthorpe","id":2565596782,"id_str":"2565596782","indices":[10,21]}],"urls":[]},"metadata":{"iso_language_code":"en","result_type":"recent"},"source":"\u003ca href=\"http:\/\/twitter.com\/download\/android\" rel=\"nofollow\"\u003eTwitter for Android\u003c\/a\u003e","in_reply_to_status_id":966037267239358464,"in_reply_to_status_id_str":"966037267239358464","in_reply_to_user_id":20193529,"in_reply_to_user_id_str":"20193529","in_reply_to_screen_name":"Bovidiva","user":{"id":866956908766400514,"id_str":"866956908766400514","name":"Peter hynes\ud83d\udc04","screen_name":"Peterhynes15","location":"Cork, Ireland","description":"Grass based Dairy Farmer, occasional kayaker, with 3 daughters and a fabulous wife @paulahynes4 . #foty. NCBC keystone herd. #farmsafe #mentalhealthmatters","url":null,"entities":{"description":{"urls":[]}},"protected":false,"followers_count":2538,"friends_count":3245,"listed_count":10,"created_at":"Tue May 23 10:00:09 +0000 2017","favourites_count":26115,"utc_offset":null,"time_zone":null,"geo_enabled":false,"verified":false,"statuses_count":7554,"lang":"en","contributors_enabled":false,"is_translator":false,"is_translation_enabled":false,"profile_background_color":"F5F8FA","profile_background_image_url":null,"profile_background_image_url_https":null,"profile_background_tile":false,"profile_image_url":"http:\/\/pbs.twimg.com\/profile_images\/944252873071833088\/wUs6vWML_normal.jpg","profile_image_url_https":"https:\/\/pbs.twimg.com\/profile_images\/944252873071833088\/wUs6vWML_normal.jpg","profile_banner_url":"https:\/\/pbs.twimg.com\/profile_banners\/866956908766400514\/1496000408","profile_link_color":"1DA1F2","profile_sidebar_border_color":"C0DEED","profile_sidebar_fill_color":"DDEEF6","profile_text_color":"333333","profile_use_background_image":true,"has_extended_profile":true,"default_profile":true,"default_profile_image":false,"following":false,"follow_request_sent":false,"notifications":false,"translator_type":"none"},"geo":null,"coordinates":null,"place":null,"contributors":null,"is_quote_status":false,"retweet_count":0,"favorite_count":4,"favorited":false,"retweeted":false,"lang":"en"},"retweet_count":3,"favorite_count":7,"favorited":false,"retweeted":false,"possibly_sensitive":false,"lang":"en"},"is_quote_status":true,"quoted_status_id":966038132591398912,"quoted_status_id_str":"966038132591398912","retweet_count":3,"favorite_count":0,"favorited":false,"retweeted":false,"lang":"en"},{"created_at":"Tue Feb 20 20:53:41 +0000 2018","id":966053266323894272,"id_str":"966053266323894272","text":"RT @CheckdMedia: \ud83c\udfc9CHECKDMEDIA GIVEAWAY!\ud83c\udfc9\n\nWIN a Six Nations shirt of your choice! \n\nRT &amp; Follow @CheckdMedia for a chance to win! \n\n#SixNat\u2026","truncated":false,"entities":{"hashtags":[],"symbols":[],"user_mentions":[{"screen_name":"CheckdMedia","name":"CheckdMedia","id":819254252879183872,"id_str":"819254252879183872","indices":[3,15]},{"screen_name":"CheckdMedia","name":"CheckdMedia","id":819254252879183872,"id_str":"819254252879183872","indices":[100,112]}],"urls":[]},"metadata":{"iso_language_code":"en","result_type":"recent"},"source":"\u003ca href=\"http:\/\/twitter.com\/download\/iphone\" rel=\"nofollow\"\u003eTwitter for iPhone\u003c\/a\u003e","in_reply_to_status_id":null,"in_reply_to_status_id_str":null,"in_reply_to_user_id":null,"in_reply_to_user_id_str":null,"in_reply_to_screen_name":null,"user":{"id":1617919718,"id_str":"1617919718","name":"Jamie Knowlson","screen_name":"JamieKnowlson","location":"North West, England","description":"26 Years Young - CEO of @CheckdMedia \ud83d\udd79 Family First \ud83d\udc4a\ud83c\udffc Dare To Dream\u26a1\ufe0f","url":"https:\/\/t.co\/uVPQQzx8ym","entities":{"url":{"urls":[{"url":"https:\/\/t.co\/uVPQQzx8ym","expanded_url":"http:\/\/checkd.media","display_url":"checkd.media","indices":[0,23]}]},"description":{"urls":[]}},"protected":false,"followers_count":341,"friends_count":1025,"listed_count":1,"created_at":"Wed Jul 24 14:40:43 +0000 2013","favourites_count":2186,"utc_offset":0,"time_zone":"London","geo_enabled":false,"verified":false,"statuses_count":45,"lang":"en","contributors_enabled":false,"is_translator":false,"is_translation_enabled":false,"profile_background_color":"000000","profile_background_image_url":"http:\/\/pbs.twimg.com\/profile_background_images\/378800000032122409\/1ddb5f58c6a0e3e76cc5e1a2f86c5255.jpeg","profile_background_image_url_https":"https:\/\/pbs.twimg.com\/profile_background_images\/378800000032122409\/1ddb5f58c6a0e3e76cc5e1a2f86c5255.jpeg","profile_background_tile":false,"profile_image_url":"http:\/\/pbs.twimg.com\/profile_images\/952867689101512705\/h2hrBoHn_normal.jpg","profile_image_url_https":"https:\/\/pbs.twimg.com\/profile_images\/952867689101512705\/h2hrBoHn_normal.jpg","profile_banner_url":"https:\/\/pbs.twimg.com\/profile_banners\/1617919718\/1515770468","profile_link_color":"2645E0","profile_sidebar_border_color":"000000","profile_sidebar_fill_color":"DDEEF6","profile_text_color":"333333","profile_use_background_image":true,"has_extended_profile":false,"default_profile":false,"default_profile_image":false,"following":false,"follow_request_sent":false,"notifications":false,"translator_type":"none"},"geo":null,"coordinates":null,"place":null,"contributors":null,"retweeted_status":{"created_at":"Tue Feb 20 12:35:39 +0000 2018","id":965927930084974592,"id_str":"965927930084974592","text":"\ud83c\udfc9CHECKDMEDIA GIVEAWAY!\ud83c\udfc9\n\nWIN a Six Nations shirt of your choice! \n\nRT &amp; Follow @CheckdMedia for a chance to win!\u2026 https:\/\/t.co\/3NVj97JaMk","truncated":true,"entities":{"hashtags":[],"symbols":[],"user_mentions":[{"screen_name":"CheckdMedia","name":"CheckdMedia","id":819254252879183872,"id_str":"819254252879183872","indices":[83,95]}],"urls":[{"url":"https:\/\/t.co\/3NVj97JaMk","expanded_url":"https:\/\/twitter.com\/i\/web\/status\/965927930084974592","display_url":"twitter.com\/i\/web\/status\/9\u2026","indices":[118,141]}]},"metadata":{"iso_language_code":"en","result_type":"recent"},"source":"\u003ca href=\"https:\/\/about.twitter.com\/products\/tweetdeck\" rel=\"nofollow\"\u003eTweetDeck\u003c\/a\u003e","in_reply_to_status_id":null,"in_reply_to_status_id_str":null,"in_reply_to_user_id":null,"in_reply_to_user_id_str":null,"in_reply_to_screen_name":null,"user":{"id":819254252879183872,"id_str":"819254252879183872","name":"CheckdMedia","screen_name":"CheckdMedia","location":"Manchester, England","description":"A unique social marketing company \ud83c\udf0f | Established communities await your brand\ud83d\udccd","url":"https:\/\/t.co\/x2GNdT15LS","entities":{"url":{"urls":[{"url":"https:\/\/t.co\/x2GNdT15LS","expanded_url":"http:\/\/Checkd.Media","display_url":"Checkd.Media","indices":[0,23]}]},"description":{"urls":[]}},"protected":false,"followers_count":580,"friends_count":608,"listed_count":1,"created_at":"Wed Jan 11 18:46:49 +0000 2017","favourites_count":14,"utc_offset":-28800,"time_zone":"Pacific Time (US & Canada)","geo_enabled":false,"verified":false,"statuses_count":51,"lang":"en-gb","contributors_enabled":false,"is_translator":false,"is_translation_enabled":false,"profile_background_color":"F5F8FA","profile_background_image_url":null,"profile_background_image_url_https":null,"profile_background_tile":false,"profile_image_url":"http:\/\/pbs.twimg.com\/profile_images\/950740558082904065\/KiSj0-bz_normal.jpg","profile_image_url_https":"https:\/\/pbs.twimg.com\/profile_images\/950740558082904065\/KiSj0-bz_normal.jpg","profile_banner_url":"https:\/\/pbs.twimg.com\/profile_banners\/819254252879183872\/1515509249","profile_link_color":"1DA1F2","profile_sidebar_border_color":"C0DEED","profile_sidebar_fill_color":"DDEEF6","profile_text_color":"333333","profile_use_background_image":true,"has_extended_profile":false,"default_profile":true,"default_profile_image":false,"following":false,"follow_request_sent":false,"notifications":false,"translator_type":"none"},"geo":null,"coordinates":null,"place":null,"contributors":null,"is_quote_status":false,"retweet_count":22,"favorite_count":9,"favorited":false,"retweeted":false,"possibly_sensitive":false,"lang":"en"},"is_quote_status":false,"retweet_count":22,"favorite_count":0,"favorited":false,"retweeted":false,"lang":"en"},{"created_at":"Tue Feb 20 20:52:31 +0000 2018","id":966052969774018565,"id_str":"966052969774018565","text":"RT @sevenoaks_dad: Sadly, our world record attempt came up just short. A few too many chaps arrived wearing Gant and Moncler. We also narro\u2026","truncated":false,"entities":{"hashtags":[],"symbols":[],"user_mentions":[{"screen_name":"sevenoaks_dad","name":"Sevenoaks Dad \ud83d\ude99\ud83c\udfe1\ud83d\udcc8","id":851050500187455488,"id_str":"851050500187455488","indices":[3,17]}],"urls":[]},"metadata":{"iso_language_code":"en","result_type":"recent"},"source":"\u003ca href=\"http:\/\/twitter.com\/download\/iphone\" rel=\"nofollow\"\u003eTwitter for iPhone\u003c\/a\u003e","in_reply_to_status_id":null,"in_reply_to_status_id_str":null,"in_reply_to_user_id":null,"in_reply_to_user_id_str":null,"in_reply_to_screen_name":null,"user":{"id":222161914,"id_str":"222161914","name":"Lynne Meek","screen_name":"meekysqueeky","location":"Tunbridge Wells, Kent","description":"Styling Matters: Personal Stylist, Wardrobe Edits, Personal Shopping, Styling Parties and retailer events. Empowering you to look your best!","url":"https:\/\/t.co\/4uJOt9Mydp","entities":{"url":{"urls":[{"url":"https:\/\/t.co\/4uJOt9Mydp","expanded_url":"http:\/\/www.stylingmatters.co.uk","display_url":"stylingmatters.co.uk","indices":[0,23]}]},"description":{"urls":[]}},"protected":false,"followers_count":3249,"friends_count":1164,"listed_count":85,"created_at":"Thu Dec 02 16:47:18 +0000 2010","favourites_count":3588,"utc_offset":null,"time_zone":null,"geo_enabled":true,"verified":false,"statuses_count":20947,"lang":"en","contributors_enabled":false,"is_translator":false,"is_translation_enabled":false,"profile_background_color":"80888A","profile_background_image_url":"http:\/\/pbs.twimg.com\/profile_background_images\/718341405\/af5c47f6c797000b9aed3f9a24924b04.jpeg","profile_background_image_url_https":"https:\/\/pbs.twimg.com\/profile_background_images\/718341405\/af5c47f6c797000b9aed3f9a24924b04.jpeg","profile_background_tile":false,"profile_image_url":"http:\/\/pbs.twimg.com\/profile_images\/960877829557809152\/1LzrzBzW_normal.jpg","profile_image_url_https":"https:\/\/pbs.twimg.com\/profile_images\/960877829557809152\/1LzrzBzW_normal.jpg","profile_banner_url":"https:\/\/pbs.twimg.com\/profile_banners\/222161914\/1504195408","profile_link_color":"241E20","profile_sidebar_border_color":"FFFFFF","profile_sidebar_fill_color":"DDEEF6","profile_text_color":"333333","profile_use_background_image":false,"has_extended_profile":true,"default_profile":false,"default_profile_image":false,"following":false,"follow_request_sent":false,"notifications":false,"translator_type":"none"},"geo":null,"coordinates":null,"place":null,"contributors":null,"retweeted_status":{"created_at":"Sat Feb 10 10:01:00 +0000 2018","id":962265135321702400,"id_str":"962265135321702400","text":"Sadly, our world record attempt came up just short. A few too many chaps arrived wearing Gant and Moncler. We also\u2026 https:\/\/t.co\/20PA5M95SG","truncated":true,"entities":{"hashtags":[],"symbols":[],"user_mentions":[],"urls":[{"url":"https:\/\/t.co\/20PA5M95SG","expanded_url":"https:\/\/twitter.com\/i\/web\/status\/962265135321702400","display_url":"twitter.com\/i\/web\/status\/9\u2026","indices":[116,139]}]},"metadata":{"iso_language_code":"en","result_type":"recent"},"source":"\u003ca href=\"https:\/\/mobile.twitter.com\" rel=\"nofollow\"\u003eTwitter Lite\u003c\/a\u003e","in_reply_to_status_id":null,"in_reply_to_status_id_str":null,"in_reply_to_user_id":null,"in_reply_to_user_id_str":null,"in_reply_to_screen_name":null,"user":{"id":851050500187455488,"id_str":"851050500187455488","name":"Sevenoaks Dad \ud83d\ude99\ud83c\udfe1\ud83d\udcc8","screen_name":"sevenoaks_dad","location":"Sevenoaks, Kent","description":"Parkrunning, skiing, hedge-funding F1 fan. Husband to Phoebe (CEO of 'Middle Class Mummy Who Loves Wine And Cake!' blog) and papa to Ralph (rhymes with chafe).","url":null,"entities":{"description":{"urls":[]}},"protected":false,"followers_count":540,"friends_count":779,"listed_count":3,"created_at":"Sun Apr 09 12:33:45 +0000 2017","favourites_count":406,"utc_offset":null,"time_zone":null,"geo_enabled":false,"verified":false,"statuses_count":452,"lang":"en-gb","contributors_enabled":false,"is_translator":false,"is_translation_enabled":false,"profile_background_color":"F5F8FA","profile_background_image_url":null,"profile_background_image_url_https":null,"profile_background_tile":false,"profile_image_url":"http:\/\/pbs.twimg.com\/profile_images\/851053363059990532\/1jTOeBdf_normal.jpg","profile_image_url_https":"https:\/\/pbs.twimg.com\/profile_images\/851053363059990532\/1jTOeBdf_normal.jpg","profile_banner_url":"https:\/\/pbs.twimg.com\/profile_banners\/851050500187455488\/1518370828","profile_link_color":"1DA1F2","profile_sidebar_border_color":"C0DEED","profile_sidebar_fill_color":"DDEEF6","profile_text_color":"333333","profile_use_background_image":true,"has_extended_profile":false,"default_profile":true,"default_profile_image":false,"following":false,"follow_request_sent":false,"notifications":false,"translator_type":"none"},"geo":null,"coordinates":null,"place":null,"contributors":null,"is_quote_status":true,"quoted_status_id":960141143592890368,"quoted_status_id_str":"960141143592890368","quoted_status":{"created_at":"Sun Feb 04 13:21:01 +0000 2018","id":960141143592890368,"id_str":"960141143592890368","text":"Next Saturday men all over Sevenoaks will be attempting a new world record for the 'highest concentration of Barbou\u2026 https:\/\/t.co\/xpOK5Afpf1","truncated":true,"entities":{"hashtags":[],"symbols":[],"user_mentions":[],"urls":[{"url":"https:\/\/t.co\/xpOK5Afpf1","expanded_url":"https:\/\/twitter.com\/i\/web\/status\/960141143592890368","display_url":"twitter.com\/i\/web\/status\/9\u2026","indices":[117,140]}]},"metadata":{"iso_language_code":"en","result_type":"recent"},"source":"\u003ca href=\"https:\/\/mobile.twitter.com\" rel=\"nofollow\"\u003eTwitter Lite\u003c\/a\u003e","in_reply_to_status_id":null,"in_reply_to_status_id_str":null,"in_reply_to_user_id":null,"in_reply_to_user_id_str":null,"in_reply_to_screen_name":null,"user":{"id":851050500187455488,"id_str":"851050500187455488","name":"Sevenoaks Dad \ud83d\ude99\ud83c\udfe1\ud83d\udcc8","screen_name":"sevenoaks_dad","location":"Sevenoaks, Kent","description":"Parkrunning, skiing, hedge-funding F1 fan. Husband to Phoebe (CEO of 'Middle Class Mummy Who Loves Wine And Cake!' blog) and papa to Ralph (rhymes with chafe).","url":null,"entities":{"description":{"urls":[]}},"protected":false,"followers_count":540,"friends_count":779,"listed_count":3,"created_at":"Sun Apr 09 12:33:45 +0000 2017","favourites_count":406,"utc_offset":null,"time_zone":null,"geo_enabled":false,"verified":false,"statuses_count":452,"lang":"en-gb","contributors_enabled":false,"is_translator":false,"is_translation_enabled":false,"profile_background_color":"F5F8FA","profile_background_image_url":null,"profile_background_image_url_https":null,"profile_background_tile":false,"profile_image_url":"http:\/\/pbs.twimg.com\/profile_images\/851053363059990532\/1jTOeBdf_normal.jpg","profile_image_url_https":"https:\/\/pbs.twimg.com\/profile_images\/851053363059990532\/1jTOeBdf_normal.jpg","profile_banner_url":"https:\/\/pbs.twimg.com\/profile_banners\/851050500187455488\/1518370828","profile_link_color":"1DA1F2","profile_sidebar_border_color":"C0DEED","profile_sidebar_fill_color":"DDEEF6","profile_text_color":"333333","profile_use_background_image":true,"has_extended_profile":false,"default_profile":true,"default_profile_image":false,"following":false,"follow_request_sent":false,"notifications":false,"translator_type":"none"},"geo":null,"coordinates":null,"place":null,"contributors":null,"is_quote_status":false,"retweet_count":8,"favorite_count":41,"favorited":false,"retweeted":false,"lang":"en"},"retweet_count":7,"favorite_count":22,"favorited":false,"retweeted":false,"possibly_sensitive":false,"lang":"en"},"is_quote_status":true,"quoted_status_id":960141143592890368,"quoted_status_id_str":"960141143592890368","retweet_count":7,"favorite_count":0,"favorited":false,"retweeted":false,"lang":"en"},{"created_at":"Tue Feb 20 20:51:01 +0000 2018","id":966052595138785280,"id_str":"966052595138785280","text":"Scotland vs England #SixNations watch it here with us this weekend - buy a ticket via @designmynight for guaranteed\u2026 https:\/\/t.co\/Wx1UmcP0Tw","truncated":true,"entities":{"hashtags":[{"text":"SixNations","indices":[20,31]}],"symbols":[],"user_mentions":[{"screen_name":"DesignMyNight","name":"DesignMyNight London","id":176175363,"id_str":"176175363","indices":[86,100]}],"urls":[{"url":"https:\/\/t.co\/Wx1UmcP0Tw","expanded_url":"https:\/\/twitter.com\/i\/web\/status\/966052595138785280","display_url":"twitter.com\/i\/web\/status\/9\u2026","indices":[117,140]}]},"metadata":{"iso_language_code":"en","result_type":"recent"},"source":"\u003ca href=\"http:\/\/bufferapp.com\" rel=\"nofollow\"\u003eBuffer\u003c\/a\u003e","in_reply_to_status_id":null,"in_reply_to_status_id_str":null,"in_reply_to_user_id":null,"in_reply_to_user_id_str":null,"in_reply_to_screen_name":null,"user":{"id":851827680706211840,"id_str":"851827680706211840","name":"Long Arm Worship St.","screen_name":"LongArmWorship","location":"Worship Street, London","description":"Within Reach \ud83d\udc4c\ud83e\udd18\ud83d\udd95Tank Fresh\u2122 #craftbeer \"from tank to tap\" is produced & consumed here. No packaging, no carbon footprint. Vegan-friendly #Veganuary venue","url":"https:\/\/t.co\/m0m31fekx9","entities":{"url":{"urls":[{"url":"https:\/\/t.co\/m0m31fekx9","expanded_url":"http:\/\/longarmpub.com","display_url":"longarmpub.com","indices":[0,23]}]},"description":{"urls":[]}},"protected":false,"followers_count":542,"friends_count":483,"listed_count":14,"created_at":"Tue Apr 11 16:02:00 +0000 2017","favourites_count":182,"utc_offset":0,"time_zone":"London","geo_enabled":false,"verified":false,"statuses_count":214,"lang":"en","contributors_enabled":false,"is_translator":false,"is_translation_enabled":false,"profile_background_color":"000000","profile_background_image_url":"http:\/\/abs.twimg.com\/images\/themes\/theme1\/bg.png","profile_background_image_url_https":"https:\/\/abs.twimg.com\/images\/themes\/theme1\/bg.png","profile_background_tile":false,"profile_image_url":"http:\/\/pbs.twimg.com\/profile_images\/867056565584637955\/ENmigMlw_normal.jpg","profile_image_url_https":"https:\/\/pbs.twimg.com\/profile_images\/867056565584637955\/ENmigMlw_normal.jpg","profile_banner_url":"https:\/\/pbs.twimg.com\/profile_banners\/851827680706211840\/1495558233","profile_link_color":"3A5367","profile_sidebar_border_color":"000000","profile_sidebar_fill_color":"000000","profile_text_color":"000000","profile_use_background_image":false,"has_extended_profile":false,"default_profile":false,"default_profile_image":false,"following":false,"follow_request_sent":false,"notifications":false,"translator_type":"none"},"geo":null,"coordinates":null,"place":null,"contributors":null,"is_quote_status":false,"retweet_count":0,"favorite_count":0,"favorited":false,"retweeted":false,"possibly_sensitive":false,"lang":"en"},{"created_at":"Tue Feb 20 20:50:26 +0000 2018","id":966052447297949698,"id_str":"966052447297949698","text":"RT @SkinnyLager: There's no #SixNations this weekend but that's not stopping us giving away prizes. #WIN 1 of 5 cases of Skinny lager and a\u2026","truncated":false,"entities":{"hashtags":[{"text":"SixNations","indices":[28,39]},{"text":"WIN","indices":[100,104]}],"symbols":[],"user_mentions":[{"screen_name":"SkinnyLager","name":"Skinny Lager","id":889892243947094016,"id_str":"889892243947094016","indices":[3,15]}],"urls":[]},"metadata":{"iso_language_code":"en","result_type":"recent"},"source":"\u003ca href=\"http:\/\/twitter.com\/download\/android\" rel=\"nofollow\"\u003eTwitter for Android\u003c\/a\u003e","in_reply_to_status_id":null,"in_reply_to_status_id_str":null,"in_reply_to_user_id":null,"in_reply_to_user_id_str":null,"in_reply_to_screen_name":null,"user":{"id":933359989,"id_str":"933359989","name":"Kim Jones","screen_name":"K1mmy90","location":"Merseyside","description":"When the caterpillar thought her life was over -  she began to fly. Became a mummy to Aliza 09\/06\/2017. R.I.P Mum, 09\/08\/2016 Love you always.","url":null,"entities":{"description":{"urls":[]}},"protected":false,"followers_count":1324,"friends_count":4961,"listed_count":72,"created_at":"Thu Nov 08 01:16:18 +0000 2012","favourites_count":5392,"utc_offset":-28800,"time_zone":"Pacific Time (US & Canada)","geo_enabled":true,"verified":false,"statuses_count":9990,"lang":"en","contributors_enabled":false,"is_translator":false,"is_translation_enabled":false,"profile_background_color":"642D8B","profile_background_image_url":"http:\/\/pbs.twimg.com\/profile_background_images\/458703725993791490\/gGd9jeBp.jpeg","profile_background_image_url_https":"https:\/\/pbs.twimg.com\/profile_background_images\/458703725993791490\/gGd9jeBp.jpeg","profile_background_tile":true,"profile_image_url":"http:\/\/pbs.twimg.com\/profile_images\/945847045264375808\/w7GT6r6j_normal.jpg","profile_image_url_https":"https:\/\/pbs.twimg.com\/profile_images\/945847045264375808\/w7GT6r6j_normal.jpg","profile_banner_url":"https:\/\/pbs.twimg.com\/profile_banners\/933359989\/1465682922","profile_link_color":"2F0540","profile_sidebar_border_color":"FFFFFF","profile_sidebar_fill_color":"7AC3EE","profile_text_color":"3D1957","profile_use_background_image":true,"has_extended_profile":false,"default_profile":false,"default_profile_image":false,"following":false,"follow_request_sent":false,"notifications":false,"translator_type":"none"},"geo":null,"coordinates":null,"place":null,"contributors":null,"retweeted_status":{"created_at":"Sat Feb 17 12:00:20 +0000 2018","id":964831881635205121,"id_str":"964831881635205121","text":"There's no #SixNations this weekend but that's not stopping us giving away prizes. #WIN 1 of 5 cases of Skinny lage\u2026 https:\/\/t.co\/Rj2U7gCRYe","truncated":true,"entities":{"hashtags":[{"text":"SixNations","indices":[11,22]},{"text":"WIN","indices":[83,87]}],"symbols":[],"user_mentions":[],"urls":[{"url":"https:\/\/t.co\/Rj2U7gCRYe","expanded_url":"https:\/\/twitter.com\/i\/web\/status\/964831881635205121","display_url":"twitter.com\/i\/web\/status\/9\u2026","indices":[117,140]}]},"metadata":{"iso_language_code":"en","result_type":"recent"},"source":"\u003ca href=\"http:\/\/bufferapp.com\" rel=\"nofollow\"\u003eBuffer\u003c\/a\u003e","in_reply_to_status_id":null,"in_reply_to_status_id_str":null,"in_reply_to_user_id":null,"in_reply_to_user_id_str":null,"in_reply_to_screen_name":null,"user":{"id":889892243947094016,"id_str":"889892243947094016","name":"Skinny Lager","screen_name":"SkinnyLager","location":"United Kingdom","description":"4%. Full flavour. 89 calories. Vegan-friendly and gluten-free. By following, you confirm you are over the legal drinking age.","url":"https:\/\/t.co\/8A9WXygYJC","entities":{"url":{"urls":[{"url":"https:\/\/t.co\/8A9WXygYJC","expanded_url":"http:\/\/www.skinnybrands.co.uk","display_url":"skinnybrands.co.uk","indices":[0,23]}]},"description":{"urls":[]}},"protected":false,"followers_count":2518,"friends_count":520,"listed_count":0,"created_at":"Tue Jul 25 16:56:59 +0000 2017","favourites_count":206,"utc_offset":-28800,"time_zone":"Pacific Time (US & Canada)","geo_enabled":true,"verified":false,"statuses_count":312,"lang":"en-gb","contributors_enabled":false,"is_translator":false,"is_translation_enabled":false,"profile_background_color":"000000","profile_background_image_url":"http:\/\/abs.twimg.com\/images\/themes\/theme1\/bg.png","profile_background_image_url_https":"https:\/\/abs.twimg.com\/images\/themes\/theme1\/bg.png","profile_background_tile":false,"profile_image_url":"http:\/\/pbs.twimg.com\/profile_images\/918146415406305282\/TEoiaSgP_normal.jpg","profile_image_url_https":"https:\/\/pbs.twimg.com\/profile_images\/918146415406305282\/TEoiaSgP_normal.jpg","profile_banner_url":"https:\/\/pbs.twimg.com\/profile_banners\/889892243947094016\/1507738161","profile_link_color":"1A1B1F","profile_sidebar_border_color":"000000","profile_sidebar_fill_color":"000000","profile_text_color":"000000","profile_use_background_image":false,"has_extended_profile":false,"default_profile":false,"default_profile_image":false,"following":false,"follow_request_sent":false,"notifications":false,"translator_type":"none"},"geo":null,"coordinates":null,"place":null,"contributors":null,"is_quote_status":false,"retweet_count":530,"favorite_count":194,"favorited":false,"retweeted":false,"possibly_sensitive":false,"lang":"en"},"is_quote_status":false,"retweet_count":530,"favorite_count":0,"favorited":false,"retweeted":false,"lang":"en"},{"created_at":"Tue Feb 20 20:50:03 +0000 2018","id":966052351810392068,"id_str":"966052351810392068","text":"RT @Bovidiva: Gallons and gallons! Who's off to #IREvWAL with a pint of #milk in hand? Show us your #MilkPintChallenge, #rugby fans! #sixna\u2026","truncated":false,"entities":{"hashtags":[{"text":"IREvWAL","indices":[48,56]},{"text":"milk","indices":[72,77]},{"text":"MilkPintChallenge","indices":[100,118]},{"text":"rugby","indices":[120,126]}],"symbols":[],"user_mentions":[{"screen_name":"Bovidiva","name":"Dr Jude Capper \ud83e\udd5b\ud83d\udc04\ud83e\uddc0","id":20193529,"id_str":"20193529","indices":[3,12]}],"urls":[]},"metadata":{"iso_language_code":"en","result_type":"recent"},"source":"\u003ca href=\"http:\/\/twitter.com\/download\/android\" rel=\"nofollow\"\u003eTwitter for Android\u003c\/a\u003e","in_reply_to_status_id":null,"in_reply_to_status_id_str":null,"in_reply_to_user_id":null,"in_reply_to_user_id_str":null,"in_reply_to_screen_name":null,"user":{"id":866956908766400514,"id_str":"866956908766400514","name":"Peter hynes\ud83d\udc04","screen_name":"Peterhynes15","location":"Cork, Ireland","description":"Grass based Dairy Farmer, occasional kayaker, with 3 daughters and a fabulous wife @paulahynes4 . #foty. NCBC keystone herd. #farmsafe #mentalhealthmatters","url":null,"entities":{"description":{"urls":[]}},"protected":false,"followers_count":2538,"friends_count":3245,"listed_count":10,"created_at":"Tue May 23 10:00:09 +0000 2017","favourites_count":26115,"utc_offset":null,"time_zone":null,"geo_enabled":false,"verified":false,"statuses_count":7554,"lang":"en","contributors_enabled":false,"is_translator":false,"is_translation_enabled":false,"profile_background_color":"F5F8FA","profile_background_image_url":null,"profile_background_image_url_https":null,"profile_background_tile":false,"profile_image_url":"http:\/\/pbs.twimg.com\/profile_images\/944252873071833088\/wUs6vWML_normal.jpg","profile_image_url_https":"https:\/\/pbs.twimg.com\/profile_images\/944252873071833088\/wUs6vWML_normal.jpg","profile_banner_url":"https:\/\/pbs.twimg.com\/profile_banners\/866956908766400514\/1496000408","profile_link_color":"1DA1F2","profile_sidebar_border_color":"C0DEED","profile_sidebar_fill_color":"DDEEF6","profile_text_color":"333333","profile_use_background_image":true,"has_extended_profile":true,"default_profile":true,"default_profile_image":false,"following":false,"follow_request_sent":false,"notifications":false,"translator_type":"none"},"geo":null,"coordinates":null,"place":null,"contributors":null,"retweeted_status":{"created_at":"Tue Feb 20 20:39:02 +0000 2018","id":966049578079408129,"id_str":"966049578079408129","text":"Gallons and gallons! Who's off to #IREvWAL with a pint of #milk in hand? Show us your #MilkPintChallenge, #rugby fa\u2026 https:\/\/t.co\/goB3oDAYEl","truncated":true,"entities":{"hashtags":[{"text":"IREvWAL","indices":[34,42]},{"text":"milk","indices":[58,63]},{"text":"MilkPintChallenge","indices":[86,104]},{"text":"rugby","indices":[106,112]}],"symbols":[],"user_mentions":[],"urls":[{"url":"https:\/\/t.co\/goB3oDAYEl","expanded_url":"https:\/\/twitter.com\/i\/web\/status\/966049578079408129","display_url":"twitter.com\/i\/web\/status\/9\u2026","indices":[117,140]}]},"metadata":{"iso_language_code":"en","result_type":"recent"},"source":"\u003ca href=\"http:\/\/twitter.com\" rel=\"nofollow\"\u003eTwitter Web Client\u003c\/a\u003e","in_reply_to_status_id":null,"in_reply_to_status_id_str":null,"in_reply_to_user_id":null,"in_reply_to_user_id_str":null,"in_reply_to_screen_name":null,"user":{"id":20193529,"id_str":"20193529","name":"Dr Jude Capper \ud83e\udd5b\ud83d\udc04\ud83e\uddc0","screen_name":"Bovidiva","location":"Oxfordshire, UK","description":"Livestock sustainability consultant. Animal scientist. Myth-buster. Breast cancer survivor. Mum. Dairy Industry Woman of the Year 2017. Celebrating #Februdairy","url":"https:\/\/t.co\/M1lQmuqvl0","entities":{"url":{"urls":[{"url":"https:\/\/t.co\/M1lQmuqvl0","expanded_url":"http:\/\/bovidiva.com","display_url":"bovidiva.com","indices":[0,23]}]},"description":{"urls":[]}},"protected":false,"followers_count":8332,"friends_count":1097,"listed_count":252,"created_at":"Thu Feb 05 21:58:05 +0000 2009","favourites_count":14340,"utc_offset":0,"time_zone":"UTC","geo_enabled":true,"verified":false,"statuses_count":32527,"lang":"en","contributors_enabled":false,"is_translator":false,"is_translation_enabled":false,"profile_background_color":"000000","profile_background_image_url":"http:\/\/abs.twimg.com\/images\/themes\/theme7\/bg.gif","profile_background_image_url_https":"https:\/\/abs.twimg.com\/images\/themes\/theme7\/bg.gif","profile_background_tile":false,"profile_image_url":"http:\/\/pbs.twimg.com\/profile_images\/803920653212598272\/DmCIXwa0_normal.jpg","profile_image_url_https":"https:\/\/pbs.twimg.com\/profile_images\/803920653212598272\/DmCIXwa0_normal.jpg","profile_banner_url":"https:\/\/pbs.twimg.com\/profile_banners\/20193529\/1510361520","profile_link_color":"457C34","profile_sidebar_border_color":"000000","profile_sidebar_fill_color":"000000","profile_text_color":"000000","profile_use_background_image":false,"has_extended_profile":false,"default_profile":false,"default_profile_image":false,"following":false,"follow_request_sent":false,"notifications":false,"translator_type":"none"},"geo":null,"coordinates":null,"place":null,"contributors":null,"is_quote_status":true,"quoted_status_id":966038132591398912,"quoted_status_id_str":"966038132591398912","quoted_status":{"created_at":"Tue Feb 20 19:53:33 +0000 2018","id":966038132591398912,"id_str":"966038132591398912","text":"@Bovidiva @danscully8 Be interesting too see how much milk will be drank in Dublin \u00e0t weekend #IREvWAL \ud83d\udc04\ud83d\udc04\ud83e\udd5b\ud83e\udd5b\ud83e\udd5b","truncated":false,"entities":{"hashtags":[{"text":"IREvWAL","indices":[94,102]}],"symbols":[],"user_mentions":[{"screen_name":"Bovidiva","name":"Dr Jude Capper \ud83e\udd5b\ud83d\udc04\ud83e\uddc0","id":20193529,"id_str":"20193529","indices":[0,9]},{"screen_name":"danscully8","name":"danny sculthorpe","id":2565596782,"id_str":"2565596782","indices":[10,21]}],"urls":[]},"metadata":{"iso_language_code":"en","result_type":"recent"},"source":"\u003ca href=\"http:\/\/twitter.com\/download\/android\" rel=\"nofollow\"\u003eTwitter for Android\u003c\/a\u003e","in_reply_to_status_id":966037267239358464,"in_reply_to_status_id_str":"966037267239358464","in_reply_to_user_id":20193529,"in_reply_to_user_id_str":"20193529","in_reply_to_screen_name":"Bovidiva","user":{"id":866956908766400514,"id_str":"866956908766400514","name":"Peter hynes\ud83d\udc04","screen_name":"Peterhynes15","location":"Cork, Ireland","description":"Grass based Dairy Farmer, occasional kayaker, with 3 daughters and a fabulous wife @paulahynes4 . #foty. NCBC keystone herd. #farmsafe #mentalhealthmatters","url":null,"entities":{"description":{"urls":[]}},"protected":false,"followers_count":2538,"friends_count":3245,"listed_count":10,"created_at":"Tue May 23 10:00:09 +0000 2017","favourites_count":26115,"utc_offset":null,"time_zone":null,"geo_enabled":false,"verified":false,"statuses_count":7554,"lang":"en","contributors_enabled":false,"is_translator":false,"is_translation_enabled":false,"profile_background_color":"F5F8FA","profile_background_image_url":null,"profile_background_image_url_https":null,"profile_background_tile":false,"profile_image_url":"http:\/\/pbs.twimg.com\/profile_images\/944252873071833088\/wUs6vWML_normal.jpg","profile_image_url_https":"https:\/\/pbs.twimg.com\/profile_images\/944252873071833088\/wUs6vWML_normal.jpg","profile_banner_url":"https:\/\/pbs.twimg.com\/profile_banners\/866956908766400514\/1496000408","profile_link_color":"1DA1F2","profile_sidebar_border_color":"C0DEED","profile_sidebar_fill_color":"DDEEF6","profile_text_color":"333333","profile_use_background_image":true,"has_extended_profile":true,"default_profile":true,"default_profile_image":false,"following":false,"follow_request_sent":false,"notifications":false,"translator_type":"none"},"geo":null,"coordinates":null,"place":null,"contributors":null,"is_quote_status":false,"retweet_count":0,"favorite_count":4,"favorited":false,"retweeted":false,"lang":"en"},"retweet_count":3,"favorite_count":7,"favorited":false,"retweeted":false,"possibly_sensitive":false,"lang":"en"},"is_quote_status":true,"quoted_status_id":966038132591398912,"quoted_status_id_str":"966038132591398912","retweet_count":3,"favorite_count":0,"favorited":false,"retweeted":false,"lang":"en"}],"search_metadata":{"completed_in":0.068,"max_id":966057120201256960,"max_id_str":"966057120201256960","next_results":"?max_id=966052351810392067&q=sixnations&include_entities=1","query":"sixnations","refresh_url":"?since_id=966057120201256960&q=sixnations&include_entities=1","count":15,"since_id":0,"since_id_str":"0"}}